<?xml version="1.0" encoding="UTF-8"?>
<config xmlns="http://www.knime.org/2008/09/XMLConfig" xmlns:xsi="http://www.w3.org/2001/XMLSchema-instance" xsi:schemaLocation="http://www.knime.org/2008/09/XMLConfig http://www.knime.org/XMLConfig_2008_09.xsd" key="MiningSchema">
    <config key="learning">
        <entry key="array-size" type="xint" value="39"/>
        <entry key="0" type="xstring" value="ADI_NATRANK"/>
        <entry key="1" type="xstring" value="adi_staterank"/>
        <entry key="2" type="xstring" value="ca_hpi_score"/>
        <entry key="3" type="xstring" value="ambEng_cardiologist_referral_ever"/>
        <entry key="4" type="xstring" value="ambEng_cardiologist_visit_ever"/>
        <entry key="5" type="xstring" value="ambEng_count_cardiologist_visit_24M"/>
        <entry key="6" type="xstring" value="ambEng_count_lag_12m_md_touch"/>
        <entry key="7" type="xstring" value="ambEng_count_lag_12m_non_md_touch"/>
        <entry key="8" type="xstring" value="ambEng_count_lag_12m_uniq_md_touch"/>
        <entry key="9" type="xstring" value="ambEng_count_lag_12m_uniq_non_md_touch"/>
        <entry key="10" type="xstring" value="ambEng_is_md_visit_6m"/>
        <entry key="11" type="xstring" value="ambEng_is_non_md_visit_6m"/>
        <entry key="12" type="xstring" value="ambEng_pulmonologist_visit_ever"/>
        <entry key="13" type="xstring" value="count_lag_4q_ed_only_visits"/>
        <entry key="14" type="xstring" value="demographics_HealthCoverage_Medicare"/>
        <entry key="15" type="xstring" value="demographics_Managed_Care_CMS_MSSP"/>
        <entry key="16" type="xstring" value="demographics_pat_age"/>
        <entry key="17" type="xstring" value="ef_low_score_codified"/>
        <entry key="18" type="xstring" value="is_ccw_anemia"/>
        <entry key="19" type="xstring" value="is_ccw_ckd"/>
        <entry key="20" type="xstring" value="is_ccw_conditions_count"/>
        <entry key="21" type="xstring" value="is_ccw_copd"/>
        <entry key="22" type="xstring" value="is_ccw_diabetes"/>
        <entry key="23" type="xstring" value="is_ccw_heart_failure"/>
        <entry key="24" type="xstring" value="is_ccw_htn"/>
        <entry key="25" type="xstring" value="is_ccw_hyperlipidemia"/>
        <entry key="26" type="xstring" value="is_ccw_ischemic_heart_disease"/>
        <entry key="27" type="xstring" value="is_ccw_ra_oa"/>
        <entry key="28" type="xstring" value="is_fpg_high_risk"/>
        <entry key="29" type="xstring" value="is_fpg_highest_risk"/>
        <entry key="30" type="xstring" value="labs_last_creatinine_level_codified"/>
        <entry key="31" type="xstring" value="labs_last_glucose_level_codified"/>
        <entry key="32" type="xstring" value="medication_Bronchodilator_SABA"/>
        <entry key="33" type="xstring" value="medication_COUNT_ACTIVE_FILLED_MEDS"/>
        <entry key="34" type="xstring" value="priorUtil_Count_Attributed_Specialists"/>
        <entry key="35" type="xstring" value="priorUtil_count_lag_4q_admits"/>
        <entry key="36" type="xstring" value="priorUtil_exposure_proportion_6q"/>
        <entry key="37" type="xstring" value="priorUtil_is_zero_admn_or_ed_visit_pr_yr"/>
        <entry key="38" type="xstring" value="priorUtil_UCD_MVP"/>
    </config>
    <config key="target">
        <entry key="array-size" type="xint" value="1"/>
        <entry key="0" type="xstring" value="FINAL_OUTCOME"/>
    </config>
</config>
